EMP_ID,FIRST_NAME,LAST_NAME,EXP,EXPERIENCE_RANK
E640,Jenifer,Jhones,1,1
E620,Katrina,Allen,2,2
E478,David,Smith,3,3
E532,Claire,Brennan,3,3
E403,Steve,Hoffman,4,5
E505,Chad,Wilson,5,6
E052,Dianna,Wilson,6,7
E245,Nian,Zhen,6,7
E260,Roy,Collins,7,9
E204,Karene,Nowak,8,10
E057,Dorothy,Wilson,9,11
E005,Eric,Hoffman,11,12
E010,William,Butler,12,13
E612,Tracy,Norris,13,14
E103,Emily,Grove,14,15
E428,Pete,Allen,14,15
E583,Janet,Hale,14,15
E083,Patrick,Voltz,15,18
E001,Arthur,Black,20,19
